<?xml version="1.0" encoding="UTF-8"?>
<project-private xmlns="http://www.netbeans.org/ns/project-private/1">
    <editor-bookmarks xmlns="http://www.netbeans.org/ns/editor-bookmarks/2" lastBookmarkId="0"/>
    <open-files xmlns="http://www.netbeans.org/ns/projectui-open-files/2">
        <group>
            <file>file:/Y:/ics4u/RobinsonGrantISC4UFinalProject19_5_22/src/GraphicsThing.java</file>
            <file>file:/Y:/ics4u/RobinsonGrantISC4UFinalProject19_5_22/src/Ball.java</file>
            <file>file:/Y:/ics4u/RobinsonGrantISC4UFinalProject19_5_22/src/RobinsonGrantISC4UFinalProject.java</file>
        </group>
    </open-files>
</project-private>
